iter	Logloss
0	0.4773611222
1	0.4262489864
2	0.4163634396
3	0.413407413
4	0.4113457115
5	0.4106672447
6	0.4093666617
7	0.4086591756
8	0.4080474311
9	0.4075486019
